d_c, theta, x
0.0, [ 0.00000000e+00 -7.96871862e-04 -3.17681181e-03 ... -4.59854329e-10
 -4.59197120e-10 -4.59197120e-10], [0.00000000e+00 7.99938659e-04 3.19954516e-03 ... 9.67941116e+02
 9.68137195e+02 9.68137195e+02]
